category,port,country_or_state,authority_or_region,type_or_commodity,max_loa_m,max_beam_m,max_draft_m,max_dwt,max_vessel_class,berths,notes
discharge_india,Paradip,Odisha,Paradip Port Authority (PPA),"Major port, natural deep-water",300,46,16.5,155000,Capesize,21,"Deep-water port with single point moorings ~20km offshore for very large vessels. Handles bulk cargo and crude oil. APSEZ dry bulk berths."
discharge_india,Visakhapatnam (Vizag),Andhra Pradesh,Visakhapatnam Port Authority,"Major port, inner + outer harbour",320,50,14.5,,Capesize (outer harbour only),24,"Outer harbour accommodates fully loaded Capesize (320m LOA/50m beam) and Panamax (230m LOA/32.5m beam/14.5m draft). Inner harbour is restricted (~210m LOA, 11m draft)."
discharge_india,Gangavaram,Andhra Pradesh,"Adani Gangavaram Port Ltd (private, 89.6% Adani-owned)",All-weather deep-water port,300,50,18.2,200000,Capesize (deepest East Coast port),9,"India's deepest port on East Coast — berthing of 18.2m draft vessel. Direct berthing for fully laden Capesize. No lighterage needed."
discharge_india,Gopalpur,Odisha,"Gopalpur Ports Ltd (Adani)",All-weather direct-berthing port,,,14.5,120000,Panamax / small Capesize,3,"Smaller/shallower than Paradip/Gangavaram. Ideal for Panamax and Supramax vessels."
discharge_india,Dhamra,Odisha,Dhamra Port Company Ltd (Adani-owned),All-weather deep-draft port,290,47,18.0,180000,Capesize,13,"Located between Haldia and Paradip. Deep-draft port; capacity ~52 MTPA with mechanized bulk coal berths."
discharge_india,Haldia,West Bengal,Syama Prasad Mookerjee Port Authority (Kolkata Port),"River port, lock-gated dock system",230,,8.5,,Handysize / small Supramax only,,"Significantly draft-restricted (8.5m draft) due to river/lock access. NOT viable for Capesize/Panamax without lightering at Sagar/Sandheads."
discharge_india,Sagar / Sandheads,West Bengal,Syama Prasad Mookerjee Port Authority,"Open-sea outer anchorage (lighterage point)",,,,,Capesize (as mother vessel for STS transfer only),0,"Ship-to-ship (STS) transshipment anchorage for large vessels to lighter onto smaller daughter barges for Haldia delivery."
origin_loading,Hay Point (Australia),Australia,Queensland,Coal (Dalrymple Bay / BMA Terminal),300,50,17.5,220000,Capesize / Newcastlemax,6,"World-class coal terminal in Queensland. Accommodates fully laden Capesize (17.5m draft) with high-speed mechanized stacker-reclaimers."
origin_loading,Newcastle,Australia,New South Wales,Coal (Port Waratah / NCIG),300,50,16.2,211000,Newcastlemax / Capesize,20,"Largest coal export port. Berth-size limits define Newcastlemax class (up to 211,000 DWT, 16.2m draft limit)."
origin_loading,Baltimore (USA),USA,Maryland,Coal (CNX Marine / Curtis Bay),277,53,15.2,150000,Capesize (restricted LOA),2,"Key US East Coast coal hub (CNX Marine & Curtis Bay). Draft up to 15.2m (50ft), LOA limit 277m. Capesize requires careful draft management."
origin_loading,Hampton Roads (USA),USA,Virginia,Coal (Lamberts Point / Pier IX),300,53,15.2,180000,Capesize,6,"Largest US East Coast bulk coal export complex. Draft 15.2m (50ft), beam up to 53m. Accommodates large Capesize vessels."
origin_loading,Nacala (Mozambique),Mozambique,Nampula Province,Coal (Moatize corridor via Nacala-a-Velha),300,48,14.0,180000,Capesize / Panamax,4,"Natural deep-water port; 14.0m draft after dredging. Accommodates Panamax and lightened Capesize vessels."
origin_loading,Taboneo (Indonesia),Indonesia,South Kalimantan,Coal (Banjarmasin open-sea transshipment),,,,,Capesize (STS floating crane loading),0,"Open-sea transshipment anchorage. Coal barged from South Kalimantan and loaded via floating cranes. No draft cap on mother vessel."
origin_loading,Kalimantan (Indonesia),Indonesia,South Kalimantan,Coal (Pulau Laut / Taboneo),300,48,16.0,200000,Capesize,4,"Direct deep-water terminal and anchorage in South Kalimantan. Accommodates Capesize and Panamax bulk carriers."
origin_loading,Taman (Russia),Russia,Black Sea (Krasnodar Krai),Coal (OTECO Bulk Terminal),300,50,17.5,220000,Capesize / Newcastlemax,4,"Modern deep-water bulk terminal on Black Sea. 17.5m draft accommodates fully loaded Capesize (up to 220,000 DWT) for Mediterranean/Suez transit to India."
origin_loading,Vostochny (Russia),Russia,Primorsky Krai (Pacific),Coal (Vostochny Port Coal Terminal),300,50,16.5,180000,Capesize,6,"Largest Russian Pacific coal export port. Specialized deep-water berths (16.5m draft) handling Capesize and Panamax vessels to Indian East Coast."
